<?xml version="1.0" ?>
<addressBook>
   <!-- This is the first entry of our Address Book -->
   <entry lastModified="10-Jul-2009">
      <firstName>
         Joe
      </firstName>
      <lastName>
         Bloggs
      </lastName>
      <address>
         <institute>
            INRIA Sophia Antipolis
         </institute>
         <street>
            2004 Route des Lucioles
         </street>
         <zipCode>
            06902
         </zipCode>
         <city>
            Sophia Antipolis
         </city>
         <country>
            France
         </country>
      </address>
      <phone>
         (+33) 4 92 38 71 52
      </phone>
      <email>
         Guillaume.Flandin@sophia.inria.fr
      </email>
   </entry>
</addressBook>
