<?xml version="1.0" encoding="UTF-8"?>
<OME xmlns="http://www.openmicroscopy.org/Schemas/OME/2008-02">
   <Experimenter ID="Experimenter:not_specified_not_specified">
      <FirstName>
         not_specified
      </FirstName>
      <LastName>
         not_specified
      </LastName>
      <Email>
         not_specified
      </Email>
      <Institution>
         not_specified
      </Institution>
   </Experimenter>
   <Group ID="urn:lsid:imspector.group.id:Group:not_specified" Name="not_specified"/>
   <Image ID="Image:EC4AA846-F38F-4B2C-9513-8AB2896A11B8" Name="pollen_ztl1024_15-19-26_PMT - PMT [525-50].ome.tif" DefaultPixels="Pixels:EC4AA846-F38F-4B2C-9513-8AB2896A11B8">
      <CreationDate>
         2009-03-04T15:19:26
      </CreationDate>
      <Description>
         not_specified
      </Description>
      <Pixels ID="Pixels:EC4AA846-F38F-4B2C-9513-8AB2896A11B8" DimensionOrder="XYZTC" PixelType="uint16" BigEndian="false" SizeX="512" SizeY="512" SizeZ="38" SizeT="2" SizeC="1" PhysicalSizeX="0.292969" PhysicalSizeY="0.292969" PhysicalSizeZ="0.973684">
         <TiffData>
            <UUID FileName="pollen_ztl1024_15-19-26_PMT - PMT [525-50].ome.tif">
               urn:uuid:EC4AA846-F38F-4B2C-9513-8AB2896A11B8
            </UUID>
         </TiffData>
      </Pixels>
      <ca:CustomAttributes>
         <Offset Offset_0="175.000000" Offset_1="175.000000" Offset_2="0.000000" Offset_3="0.000000"/>
         <Length Length_0="150.000000" Length_1="150.000000" Length_2="37.000000" Length_3="69.325378"/>
         <AxesLabels X="PMT X" Y="PMT Y" FirstAxis="None" SecondAxis="None"/>
         <dSel X0="0" Y0="0" Z0="0" T0="0" X1="0" Y1="0" Z1="-1" T1="-1"/>
         <sDeviceKey sDeviceKey="PMT:0:1:0"/>
         <dDisplayMode dDisplayMode="0"/>
         <dHideMode dHideMode="0"/>
         <dHideAxis dHideAxis="3"/>
         <ColorMap ColorMap="2"/>
      </ca:CustomAttributes>
   </Image>
   <ca:CustomAttributes>
      <PropArray>
         <Label nTy="5" nId="524288" fname="Label" Value="pollen_ztl1024 - 15:19:26 - PMT - PMT [525/50]  "/>
         <Label_of_property_set nTy="5" nId="524289" fname="propset_label" Value="Measurement 1"/>
         <Id_of_property_set nTy="2" nId="524289" fname="propset_id" Value="0"/>
         <Recording_Configuration_ID nTy="2" nId="524289" fname="RecConfig" Value="0"/>
         <Axis_Configuration_ID nTy="2" nId="524289" fname="AxisConfig" Value="3"/>
         <Repeat_Max nTy="2" nId="524289" fname="RepMax" Value="-1"/>
         <Repeat_Number nTy="2" nId="524289" fname="RepNum" Value="1"/>
         <Split_Forth_Axis nTy="2" nId="524289" fname="SplitFth" Value="0"/>
         <Split_Third_Axis nTy="2" nId="524289" fname="SplitThd" Value="0"/>
         <Split_Second_Axis nTy="2" nId="524289" fname="SplitSec" Value="0"/>
         <Split_First_Axis nTy="2" nId="524289" fname="SplitFir" Value="0"/>
         <Permanent_Add nTy="2" nId="524289" fname="Permadd" Value="0"/>
         <Bidirectional_Scan nTy="2" nId="524289" fname="Bidirect" Value="0"/>
         <Axis_Sync nTy="2" nId="524289" fname="Synced" Value="0"/>
         <Axis_Masters nTy="5" nId="524289" fname="AxisMasters" Value=""/>
         <FthAxis nTy="5" nId="524289" fname="FthAxis" Value="None"/>
         <Axis_No_3 nTy="5" nId="524289" fname="ThdAxis" Value="None"/>
         <SecAxis nTy="5" nId="524289" fname="SecAxis" Value="Time Time"/>
         <FirAxis nTy="5" nId="524289" fname="FirAxis" Value="xyz-Table Z"/>
         <Rewind_Axis nTy="2" nId="524289" fname="RewAxs" Value="4"/>
         <Proc_Messages nTy="2" nId="524289" fname="DoMsgs" Value="0"/>
         <Split_Type nTy="2" nId="524289" fname="SplTyp" Value="0"/>
         <Split_Position nTy="2" nId="524289" fname="SplPos" Value="0"/>
         <Split_Number nTy="2" nId="524289" fname="SplNum" Value="2"/>
         <Cancel_Number nTy="2" nId="524289" fname="CclNum" Value="1"/>
         <Update_Number nTy="2" nId="524289" fname="UpdNum" Value="1"/>
         <Cancel_Policy nTy="2" nId="524289" fname="CclPol" Value="0"/>
         <Update_Policy nTy="2" nId="524289" fname="UpdPol" Value="0"/>
         <TriMScope_Opo_Power nTy="3" nId="524292" fname="TriMScope OpoPower" Value="4.800000"/>
         <TriMScope_Actual_Power nTy="3" nId="524292" fname="TriMScope ActualPower" Value="7.000000"/>
         <TriMScope_Slider_Position nTy="2" nId="524292" fname="TriMScope SliderPos" Value="0"/>
         <TriMScope_Fine_Tune_Flag nTy="2" nId="524292" fname="TriMScope fineTune" Value="0"/>
         <TriMScope_Tubus_Value5 nTy="2" nId="524292" fname="TriMScope tubusVal4" Value="0"/>
         <TriMScope_Tubus_Value4 nTy="2" nId="524292" fname="TriMScope tubusVal3" Value="0"/>
         <TriMScope_Tubus_Value3 nTy="2" nId="524292" fname="TriMScope tubusVal2" Value="0"/>
         <TriMScope_Tubus_Value2 nTy="2" nId="524292" fname="TriMScope tubusVal1" Value="0"/>
         <TriMScope_Tubus_Value1 nTy="2" nId="524292" fname="TriMScope tubusVal0" Value="1161"/>
         <TriMScope_Opo_Attenuator_Value5 nTy="2" nId="524292" fname="TriMScope opo_attenuVal4" Value="0"/>
         <TriMScope_Opo_Attenuator_Value4 nTy="2" nId="524292" fname="TriMScope opo_attenuVal3" Value="0"/>
         <TriMScope_Opo_Attenuator_Value3 nTy="2" nId="524292" fname="TriMScope opo_attenuVal2" Value="0"/>
         <TriMScope_Opo_Attenuator_Value2 nTy="2" nId="524292" fname="TriMScope opo_attenuVal1" Value="0"/>
         <TriMScope_Opo_Attenuator_Value1 nTy="2" nId="524292" fname="TriMScope opo_attenuVal0" Value="1082"/>
         <TriMScope_Attenuator_Value5 nTy="2" nId="524292" fname="TriMScope attenuatorVal4" Value="1"/>
         <TriMScope_Attenuator_Value4 nTy="2" nId="524292" fname="TriMScope attenuatorVal3" Value="1"/>
         <TriMScope_Attenuator_Value3 nTy="2" nId="524292" fname="TriMScope attenuatorVal2" Value="1"/>
         <TriMScope_Attenuator_Value2 nTy="2" nId="524292" fname="TriMScope attenuatorVal1" Value="1"/>
         <TriMScope_Attenuator_Value1 nTy="2" nId="524292" fname="TriMScope attenuatorVal0" Value="538"/>
         <TriMScope_config5_device32_pos nTy="2" nId="524292" fname="TriMScope conf4dev31" Value="0"/>
         <TriMScope_config5_device31_pos nTy="2" nId="524292" fname="TriMScope conf4dev30" Value="0"/>
         <TriMScope_config5_device30_pos nTy="2" nId="524292" fname="TriMScope conf4dev29" Value="0"/>
         <TriMScope_config5_device29_pos nTy="2" nId="524292" fname="TriMScope conf4dev28" Value="0"/>
         <TriMScope_config5_device28_pos nTy="2" nId="524292" fname="TriMScope conf4dev27" Value="0"/>
         <TriMScope_config5_device27_pos nTy="2" nId="524292" fname="TriMScope conf4dev26" Value="0"/>
         <TriMScope_config5_device26_pos nTy="2" nId="524292" fname="TriMScope conf4dev25" Value="0"/>
         <TriMScope_config5_device25_pos nTy="2" nId="524292" fname="TriMScope conf4dev24" Value="0"/>
         <TriMScope_config5_device24_pos nTy="2" nId="524292" fname="TriMScope conf4dev23" Value="0"/>
         <TriMScope_config5_device23_pos nTy="2" nId="524292" fname="TriMScope conf4dev22" Value="0"/>
         <TriMScope_config5_device22_pos nTy="2" nId="524292" fname="TriMScope conf4dev21" Value="0"/>
         <TriMScope_config5_device21_pos nTy="2" nId="524292" fname="TriMScope conf4dev20" Value="0"/>
         <TriMScope_config5_device20_pos nTy="2" nId="524292" fname="TriMScope conf4dev19" Value="0"/>
         <TriMScope_config5_device19_pos nTy="2" nId="524292" fname="TriMScope conf4dev18" Value="0"/>
         <TriMScope_config5_device18_pos nTy="2" nId="524292" fname="TriMScope conf4dev17" Value="0"/>
         <TriMScope_config5_device17_pos nTy="2" nId="524292" fname="TriMScope conf4dev16" Value="0"/>
         <TriMScope_config5_device16_pos nTy="2" nId="524292" fname="TriMScope conf4dev15" Value="0"/>
         <TriMScope_config5_device15_pos nTy="2" nId="524292" fname="TriMScope conf4dev14" Value="0"/>
         <TriMScope_config5_device14_pos nTy="2" nId="524292" fname="TriMScope conf4dev13" Value="0"/>
         <TriMScope_config5_device13_pos nTy="2" nId="524292" fname="TriMScope conf4dev12" Value="0"/>
         <TriMScope_config5_device12_pos nTy="2" nId="524292" fname="TriMScope conf4dev11" Value="0"/>
         <TriMScope_config5_device11_pos nTy="2" nId="524292" fname="TriMScope conf4dev10" Value="0"/>
         <TriMScope_config5_device10_pos nTy="2" nId="524292" fname="TriMScope conf4dev9" Value="0"/>
         <TriMScope_config5_device9_pos nTy="2" nId="524292" fname="TriMScope conf4dev8" Value="0"/>
         <TriMScope_config5_device8_pos nTy="2" nId="524292" fname="TriMScope conf4dev7" Value="0"/>
         <TriMScope_config5_device7_pos nTy="2" nId="524292" fname="TriMScope conf4dev6" Value="0"/>
         <TriMScope_config5_device6_pos nTy="2" nId="524292" fname="TriMScope conf4dev5" Value="0"/>
         <TriMScope_config5_device5_pos nTy="2" nId="524292" fname="TriMScope conf4dev4" Value="0"/>
         <TriMScope_config5_device4_pos nTy="2" nId="524292" fname="TriMScope conf4dev3" Value="0"/>
         <TriMScope_config5_device3_pos nTy="2" nId="524292" fname="TriMScope conf4dev2" Value="0"/>
         <TriMScope_config5_device2_pos nTy="2" nId="524292" fname="TriMScope conf4dev1" Value="0"/>
         <TriMScope_config5_device1_pos nTy="2" nId="524292" fname="TriMScope conf4dev0" Value="0"/>
         <TriMScope_config4_device32_pos nTy="2" nId="524292" fname="TriMScope conf3dev31" Value="0"/>
         <TriMScope_config4_device31_pos nTy="2" nId="524292" fname="TriMScope conf3dev30" Value="0"/>
         <TriMScope_config4_device30_pos nTy="2" nId="524292" fname="TriMScope conf3dev29" Value="0"/>
         <TriMScope_config4_device29_pos nTy="2" nId="524292" fname="TriMScope conf3dev28" Value="0"/>
         <TriMScope_config4_device28_pos nTy="2" nId="524292" fname="TriMScope conf3dev27" Value="0"/>
         <TriMScope_config4_device27_pos nTy="2" nId="524292" fname="TriMScope conf3dev26" Value="0"/>
         <TriMScope_config4_device26_pos nTy="2" nId="524292" fname="TriMScope conf3dev25" Value="0"/>
         <TriMScope_config4_device25_pos nTy="2" nId="524292" fname="TriMScope conf3dev24" Value="0"/>
         <TriMScope_config4_device24_pos nTy="2" nId="524292" fname="TriMScope conf3dev23" Value="0"/>
         <TriMScope_config4_device23_pos nTy="2" nId="524292" fname="TriMScope conf3dev22" Value="0"/>
         <TriMScope_config4_device22_pos nTy="2" nId="524292" fname="TriMScope conf3dev21" Value="0"/>
         <TriMScope_config4_device21_pos nTy="2" nId="524292" fname="TriMScope conf3dev20" Value="0"/>
         <TriMScope_config4_device20_pos nTy="2" nId="524292" fname="TriMScope conf3dev19" Value="0"/>
         <TriMScope_config4_device19_pos nTy="2" nId="524292" fname="TriMScope conf3dev18" Value="0"/>
         <TriMScope_config4_device18_pos nTy="2" nId="524292" fname="TriMScope conf3dev17" Value="0"/>
         <TriMScope_config4_device17_pos nTy="2" nId="524292" fname="TriMScope conf3dev16" Value="0"/>
         <TriMScope_config4_device16_pos nTy="2" nId="524292" fname="TriMScope conf3dev15" Value="0"/>
         <TriMScope_config4_device15_pos nTy="2" nId="524292" fname="TriMScope conf3dev14" Value="0"/>
         <TriMScope_config4_device14_pos nTy="2" nId="524292" fname="TriMScope conf3dev13" Value="0"/>
         <TriMScope_config4_device13_pos nTy="2" nId="524292" fname="TriMScope conf3dev12" Value="0"/>
         <TriMScope_config4_device12_pos nTy="2" nId="524292" fname="TriMScope conf3dev11" Value="0"/>
         <TriMScope_config4_device11_pos nTy="2" nId="524292" fname="TriMScope conf3dev10" Value="0"/>
         <TriMScope_config4_device10_pos nTy="2" nId="524292" fname="TriMScope conf3dev9" Value="0"/>
         <TriMScope_config4_device9_pos nTy="2" nId="524292" fname="TriMScope conf3dev8" Value="0"/>
         <TriMScope_config4_device8_pos nTy="2" nId="524292" fname="TriMScope conf3dev7" Value="0"/>
         <TriMScope_config4_device7_pos nTy="2" nId="524292" fname="TriMScope conf3dev6" Value="0"/>
         <TriMScope_config4_device6_pos nTy="2" nId="524292" fname="TriMScope conf3dev5" Value="0"/>
         <TriMScope_config4_device5_pos nTy="2" nId="524292" fname="TriMScope conf3dev4" Value="0"/>
         <TriMScope_config4_device4_pos nTy="2" nId="524292" fname="TriMScope conf3dev3" Value="0"/>
         <TriMScope_config4_device3_pos nTy="2" nId="524292" fname="TriMScope conf3dev2" Value="0"/>
         <TriMScope_config4_device2_pos nTy="2" nId="524292" fname="TriMScope conf3dev1" Value="0"/>
         <TriMScope_config4_device1_pos nTy="2" nId="524292" fname="TriMScope conf3dev0" Value="0"/>
         <TriMScope_config3_device32_pos nTy="2" nId="524292" fname="TriMScope conf2dev31" Value="0"/>
         <TriMScope_config3_device31_pos nTy="2" nId="524292" fname="TriMScope conf2dev30" Value="0"/>
         <TriMScope_config3_device30_pos nTy="2" nId="524292" fname="TriMScope conf2dev29" Value="0"/>
         <TriMScope_config3_device29_pos nTy="2" nId="524292" fname="TriMScope conf2dev28" Value="0"/>
         <TriMScope_config3_device28_pos nTy="2" nId="524292" fname="TriMScope conf2dev27" Value="0"/>
         <TriMScope_config3_device27_pos nTy="2" nId="524292" fname="TriMScope conf2dev26" Value="0"/>
         <TriMScope_config3_device26_pos nTy="2" nId="524292" fname="TriMScope conf2dev25" Value="0"/>
         <TriMScope_config3_device25_pos nTy="2" nId="524292" fname="TriMScope conf2dev24" Value="0"/>
         <TriMScope_config3_device24_pos nTy="2" nId="524292" fname="TriMScope conf2dev23" Value="0"/>
         <TriMScope_config3_device23_pos nTy="2" nId="524292" fname="TriMScope conf2dev22" Value="0"/>
         <TriMScope_config3_device22_pos nTy="2" nId="524292" fname="TriMScope conf2dev21" Value="0"/>
         <TriMScope_config3_device21_pos nTy="2" nId="524292" fname="TriMScope conf2dev20" Value="0"/>
         <TriMScope_config3_device20_pos nTy="2" nId="524292" fname="TriMScope conf2dev19" Value="0"/>
         <TriMScope_config3_device19_pos nTy="2" nId="524292" fname="TriMScope conf2dev18" Value="0"/>
         <TriMScope_config3_device18_pos nTy="2" nId="524292" fname="TriMScope conf2dev17" Value="0"/>
         <TriMScope_config3_device17_pos nTy="2" nId="524292" fname="TriMScope conf2dev16" Value="0"/>
         <TriMScope_config3_device16_pos nTy="2" nId="524292" fname="TriMScope conf2dev15" Value="0"/>
         <TriMScope_config3_device15_pos nTy="2" nId="524292" fname="TriMScope conf2dev14" Value="0"/>
         <TriMScope_config3_device14_pos nTy="2" nId="524292" fname="TriMScope conf2dev13" Value="0"/>
         <TriMScope_config3_device13_pos nTy="2" nId="524292" fname="TriMScope conf2dev12" Value="0"/>
         <TriMScope_config3_device12_pos nTy="2" nId="524292" fname="TriMScope conf2dev11" Value="0"/>
         <TriMScope_config3_device11_pos nTy="2" nId="524292" fname="TriMScope conf2dev10" Value="0"/>
         <TriMScope_config3_device10_pos nTy="2" nId="524292" fname="TriMScope conf2dev9" Value="0"/>
         <TriMScope_config3_device9_pos nTy="2" nId="524292" fname="TriMScope conf2dev8" Value="0"/>
         <TriMScope_config3_device8_pos nTy="2" nId="524292" fname="TriMScope conf2dev7" Value="0"/>
         <TriMScope_config3_device7_pos nTy="2" nId="524292" fname="TriMScope conf2dev6" Value="0"/>
         <TriMScope_config3_device6_pos nTy="2" nId="524292" fname="TriMScope conf2dev5" Value="0"/>
         <TriMScope_config3_device5_pos nTy="2" nId="524292" fname="TriMScope conf2dev4" Value="0"/>
         <TriMScope_config3_device4_pos nTy="2" nId="524292" fname="TriMScope conf2dev3" Value="0"/>
         <TriMScope_config3_device3_pos nTy="2" nId="524292" fname="TriMScope conf2dev2" Value="0"/>
         <TriMScope_config3_device2_pos nTy="2" nId="524292" fname="TriMScope conf2dev1" Value="0"/>
         <TriMScope_config3_device1_pos nTy="2" nId="524292" fname="TriMScope conf2dev0" Value="0"/>
         <TriMScope_config2_device32_pos nTy="2" nId="524292" fname="TriMScope conf1dev31" Value="0"/>
         <TriMScope_config2_device31_pos nTy="2" nId="524292" fname="TriMScope conf1dev30" Value="0"/>
         <TriMScope_config2_device30_pos nTy="2" nId="524292" fname="TriMScope conf1dev29" Value="0"/>
         <TriMScope_config2_device29_pos nTy="2" nId="524292" fname="TriMScope conf1dev28" Value="0"/>
         <TriMScope_config2_device28_pos nTy="2" nId="524292" fname="TriMScope conf1dev27" Value="0"/>
         <TriMScope_config2_device27_pos nTy="2" nId="524292" fname="TriMScope conf1dev26" Value="0"/>
         <TriMScope_config2_device26_pos nTy="2" nId="524292" fname="TriMScope conf1dev25" Value="0"/>
         <TriMScope_config2_device25_pos nTy="2" nId="524292" fname="TriMScope conf1dev24" Value="0"/>
         <TriMScope_config2_device24_pos nTy="2" nId="524292" fname="TriMScope conf1dev23" Value="0"/>
         <TriMScope_config2_device23_pos nTy="2" nId="524292" fname="TriMScope conf1dev22" Value="0"/>
         <TriMScope_config2_device22_pos nTy="2" nId="524292" fname="TriMScope conf1dev21" Value="0"/>
         <TriMScope_config2_device21_pos nTy="2" nId="524292" fname="TriMScope conf1dev20" Value="0"/>
         <TriMScope_config2_device20_pos nTy="2" nId="524292" fname="TriMScope conf1dev19" Value="0"/>
         <TriMScope_config2_device19_pos nTy="2" nId="524292" fname="TriMScope conf1dev18" Value="0"/>
         <TriMScope_config2_device18_pos nTy="2" nId="524292" fname="TriMScope conf1dev17" Value="0"/>
         <TriMScope_config2_device17_pos nTy="2" nId="524292" fname="TriMScope conf1dev16" Value="0"/>
         <TriMScope_config2_device16_pos nTy="2" nId="524292" fname="TriMScope conf1dev15" Value="0"/>
         <TriMScope_config2_device15_pos nTy="2" nId="524292" fname="TriMScope conf1dev14" Value="0"/>
         <TriMScope_config2_device14_pos nTy="2" nId="524292" fname="TriMScope conf1dev13" Value="0"/>
         <TriMScope_config2_device13_pos nTy="2" nId="524292" fname="TriMScope conf1dev12" Value="0"/>
         <TriMScope_config2_device12_pos nTy="2" nId="524292" fname="TriMScope conf1dev11" Value="0"/>
         <TriMScope_config2_device11_pos nTy="2" nId="524292" fname="TriMScope conf1dev10" Value="0"/>
         <TriMScope_config2_device10_pos nTy="2" nId="524292" fname="TriMScope conf1dev9" Value="0"/>
         <TriMScope_config2_device9_pos nTy="2" nId="524292" fname="TriMScope conf1dev8" Value="0"/>
         <TriMScope_config2_device8_pos nTy="2" nId="524292" fname="TriMScope conf1dev7" Value="0"/>
         <TriMScope_config2_device7_pos nTy="2" nId="524292" fname="TriMScope conf1dev6" Value="0"/>
         <TriMScope_config2_device6_pos nTy="2" nId="524292" fname="TriMScope conf1dev5" Value="0"/>
         <TriMScope_config2_device5_pos nTy="2" nId="524292" fname="TriMScope conf1dev4" Value="0"/>
         <TriMScope_config2_device4_pos nTy="2" nId="524292" fname="TriMScope conf1dev3" Value="0"/>
         <TriMScope_config2_device3_pos nTy="2" nId="524292" fname="TriMScope conf1dev2" Value="0"/>
         <TriMScope_config2_device2_pos nTy="2" nId="524292" fname="TriMScope conf1dev1" Value="0"/>
         <TriMScope_config2_device1_pos nTy="2" nId="524292" fname="TriMScope conf1dev0" Value="0"/>
         <TriMScope_config1_device32_pos nTy="2" nId="524292" fname="TriMScope conf0dev31" Value="0"/>
         <TriMScope_config1_device31_pos nTy="2" nId="524292" fname="TriMScope conf0dev30" Value="0"/>
         <TriMScope_config1_device30_pos nTy="2" nId="524292" fname="TriMScope conf0dev29" Value="0"/>
         <TriMScope_config1_device29_pos nTy="2" nId="524292" fname="TriMScope conf0dev28" Value="0"/>
         <TriMScope_config1_device28_pos nTy="2" nId="524292" fname="TriMScope conf0dev27" Value="0"/>
         <TriMScope_config1_device27_pos nTy="2" nId="524292" fname="TriMScope conf0dev26" Value="0"/>
         <TriMScope_config1_device26_pos nTy="2" nId="524292" fname="TriMScope conf0dev25" Value="0"/>
         <TriMScope_config1_device25_pos nTy="2" nId="524292" fname="TriMScope conf0dev24" Value="0"/>
         <TriMScope_config1_device24_pos nTy="2" nId="524292" fname="TriMScope conf0dev23" Value="0"/>
         <TriMScope_config1_device23_pos nTy="2" nId="524292" fname="TriMScope conf0dev22" Value="0"/>
         <TriMScope_config1_device22_pos nTy="2" nId="524292" fname="TriMScope conf0dev21" Value="0"/>
         <TriMScope_config1_device21_pos nTy="2" nId="524292" fname="TriMScope conf0dev20" Value="0"/>
         <TriMScope_config1_device20_pos nTy="2" nId="524292" fname="TriMScope conf0dev19" Value="0"/>
         <TriMScope_config1_device19_pos nTy="2" nId="524292" fname="TriMScope conf0dev18" Value="0"/>
         <TriMScope_config1_device18_pos nTy="2" nId="524292" fname="TriMScope conf0dev17" Value="0"/>
         <TriMScope_config1_device17_pos nTy="2" nId="524292" fname="TriMScope conf0dev16" Value="1"/>
         <TriMScope_config1_device16_pos nTy="2" nId="524292" fname="TriMScope conf0dev15" Value="0"/>
         <TriMScope_config1_device15_pos nTy="2" nId="524292" fname="TriMScope conf0dev14" Value="0"/>
         <TriMScope_config1_device14_pos nTy="2" nId="524292" fname="TriMScope conf0dev13" Value="0"/>
         <TriMScope_config1_device13_pos nTy="2" nId="524292" fname="TriMScope conf0dev12" Value="0"/>
         <TriMScope_config1_device12_pos nTy="2" nId="524292" fname="TriMScope conf0dev11" Value="0"/>
         <TriMScope_config1_device11_pos nTy="2" nId="524292" fname="TriMScope conf0dev10" Value="0"/>
         <TriMScope_config1_device10_pos nTy="2" nId="524292" fname="TriMScope conf0dev9" Value="0"/>
         <TriMScope_config1_device9_pos nTy="2" nId="524292" fname="TriMScope conf0dev8" Value="0"/>
         <TriMScope_config1_device8_pos nTy="2" nId="524292" fname="TriMScope conf0dev7" Value="0"/>
         <TriMScope_config1_device7_pos nTy="2" nId="524292" fname="TriMScope conf0dev6" Value="0"/>
         <TriMScope_config1_device6_pos nTy="2" nId="524292" fname="TriMScope conf0dev5" Value="4"/>
         <TriMScope_config1_device5_pos nTy="2" nId="524292" fname="TriMScope conf0dev4" Value="0"/>
         <TriMScope_config1_device4_pos nTy="2" nId="524292" fname="TriMScope conf0dev3" Value="6"/>
         <TriMScope_config1_device3_pos nTy="2" nId="524292" fname="TriMScope conf0dev2" Value="0"/>
         <TriMScope_config1_device2_pos nTy="2" nId="524292" fname="TriMScope conf0dev1" Value="2"/>
         <TriMScope_config1_device1_pos nTy="2" nId="524292" fname="TriMScope conf0dev0" Value="0"/>
         <TriMScope_name_of_configuration5 nTy="5" nId="524292" fname="TriMScope ConfigName4" Value=""/>
         <TriMScope_name_of_configuration4 nTy="5" nId="524292" fname="TriMScope ConfigName3" Value=""/>
         <TriMScope_name_of_configuration3 nTy="5" nId="524292" fname="TriMScope ConfigName2" Value=""/>
         <TriMScope_name_of_configuration2 nTy="5" nId="524292" fname="TriMScope ConfigName1" Value=""/>
         <TriMScope_name_of_configuration1 nTy="5" nId="524292" fname="TriMScope ConfigName0" Value="Configuration 1"/>
         <TriMScope_active_configuration nTy="2" nId="524292" fname="TriMScope ActConfig" Value="0"/>
         <xy-Scanner_Line_Average nTy="2" nId="524293" fname="xy-Scanner LineAvrg" Value="1"/>
         <xy-Scanner_ nTy="2" nId="524293" fname="xy-Scanner SBFrequency" Value="1"/>
         <xy-Scanner_ nTy="2" nId="524293" fname="xy-Scanner SBPixel" Value="2"/>
         <xy-Scanner_ nTy="2" nId="524293" fname="xy-Scanner SBScanField" Value="1"/>
         <xy-Scanner_ nTy="2" nId="524293" fname="xy-Scanner HiResNumPhase" Value="10"/>
         <xy-Scanner_ nTy="2" nId="524293" fname="xy-Scanner HiResPhaseShift" Value="11"/>
         <xy-Scanner_ nTy="2" nId="524293" fname="xy-Scanner HiResAverage" Value="20"/>
         <xy-Scanner_ nTy="2" nId="524293" fname="xy-Scanner HiResFrequency" Value="200"/>
         <xy-Scanner_ nTy="2" nId="524293" fname="xy-Scanner HiResNumBlocks" Value="4"/>
         <xy-Scanner_ nTy="2" nId="524293" fname="xy-Scanner HiResXBlockShift" Value="3400"/>
         <xy-Scanner_ nTy="2" nId="524293" fname="xy-Scanner HiResXStart" Value="-5000"/>
         <xy-Scanner_ nTy="2" nId="524293" fname="xy-Scanner HiResYWidth" Value="11500"/>
         <xy-Scanner_ nTy="2" nId="524293" fname="xy-Scanner OperationMode" Value="2"/>
         <xy-Scanner_ nTy="5" nId="524293" fname="xy-Scanner CCDQualityName" Value=""/>
         <xy-Scanner_ nTy="2" nId="524293" fname="xy-Scanner CCDQualityIndex" Value="0"/>
         <xy-Scanner_ nTy="5" nId="524293" fname="xy-Scanner CCDFrequencyName" Value=""/>
         <xy-Scanner_ nTy="2" nId="524293" fname="xy-Scanner CCDFrequencyIndex" Value="2"/>
         <xy-Scanner_ nTy="5" nId="524293" fname="xy-Scanner CCDModeName" Value=""/>
         <xy-Scanner_ nTy="2" nId="524293" fname="xy-Scanner CCDModeIndex" Value="3"/>
         <xy-Scanner_Shift_Center_Y nTy="2" nId="524293" fname="xy-Scanner ShiftCenterY" Value="0"/>
         <xy-Scanner_Shift_Center_X nTy="2" nId="524293" fname="xy-Scanner ShiftCenterX" Value="0"/>
         <xy-Scanner_Used_Scanner_Programm nTy="2" nId="524293" fname="xy-Scanner PgmNum" Value="2"/>
         <xy-Scanner_Current_Scan_Mode nTy="2" nId="524293" fname="xy-Scanner CurrentScanMode" Value="0"/>
         <xy-Scanner__Scan_mode nTy="2" nId="524293" fname="xy-Scanner ScanMode" Value="1"/>
         <xy-Scanner__Frequency nTy="2" nId="524293" fname="xy-Scanner Freq" Value="200"/>
         <xyz-Table_Shutter_Increment_Type nTy="2" nId="524291" fname="xyz-Table IncrementType" Value="0"/>
         <xyz-Table_Shutter_Auto_Increment nTy="2" nId="524291" fname="xyz-Table AutoIncrement" Value="0"/>
         <xyz-Table__Scan_axis nTy="2" nId="524291" fname="xyz-Table ScanAxis" Value="0"/>
         <xyz-Table__Y_Stop_position nTy="3" nId="524291" fname="xyz-Table YPosMax" Value="0.000000"/>
         <xyz-Table__Y_Start_position nTy="3" nId="524291" fname="xyz-Table YPosMin" Value="0.000000"/>
         <xyz-Table__X_Stop_position nTy="3" nId="524291" fname="xyz-Table XPosMax" Value="0.000000"/>
         <xyz-Table__X_Start_position nTy="3" nId="524291" fname="xyz-Table XPosMin" Value="0.000000"/>
         <xyz-Table_XY2_Fixpoint nTy="3" nId="524291" fname="xyz-Table XY_SecondFix" Value="0.000000"/>
         <xyz-Table_XY2_Offset nTy="3" nId="524291" fname="xyz-Table XY_SecondOff" Value="0.000000"/>
         <xyz-Table_XY2_Scan_Range nTy="3" nId="524291" fname="xyz-Table XY_SecondLen" Value="0.000000"/>
         <xyz-Table_XY2_Resolution nTy="2" nId="524291" fname="xyz-Table XY_SecondRes" Value="1"/>
         <xyz-Table_XY_Fixpoint nTy="3" nId="524291" fname="xyz-Table XY_FirstFix" Value="0.000000"/>
         <xyz-Table_XY_Offset nTy="3" nId="524291" fname="xyz-Table XY_FirstOff" Value="0.000000"/>
         <xyz-Table_XY_Scan_Range nTy="3" nId="524291" fname="xyz-Table XY_FirstLen" Value="0.000000"/>
         <xyz-Table_XY_Resolution nTy="2" nId="524291" fname="xyz-Table XY_FirstRes" Value="1"/>
         <xyz-Table_Z_Stop_position nTy="3" nId="1572867" fname="xyz-Table ZPosMax" Value="0.000000"/>
         <xyz-Table_Z_Start_position nTy="3" nId="1572867" fname="xyz-Table ZPosMin" Value="37.000000"/>
         <xyz-Table_Z_Fixpoint nTy="3" nId="524291" fname="xyz-Table ZFix" Value="0.000000"/>
         <xyz-Table_Z_Offset nTy="3" nId="524291" fname="xyz-Table ZOff" Value="18.500000"/>
         <xyz-Table_Z_Scan_Range nTy="3" nId="524291" fname="xyz-Table ZLen" Value="37.000000"/>
         <xyz-Table_Z_Number_of_Steps nTy="2" nId="524291" fname="xyz-Table ZRes" Value="38"/>
         <FilterWheel__List_Filter_8 nTy="2" nId="524297" fname="FilterWheel ListWL8" Value="-1"/>
         <FilterWheel__List_Filter_7 nTy="2" nId="524297" fname="FilterWheel ListWL7" Value="-1"/>
         <FilterWheel__List_Filter_6 nTy="2" nId="524297" fname="FilterWheel ListWL6" Value="-1"/>
         <FilterWheel__List_Filter_5 nTy="2" nId="524297" fname="FilterWheel ListWL5" Value="-1"/>
         <FilterWheel__List_Filter_4 nTy="2" nId="524297" fname="FilterWheel ListWL4" Value="-1"/>
         <FilterWheel__List_Filter_3 nTy="2" nId="524297" fname="FilterWheel ListWL3" Value="-1"/>
         <FilterWheel__List_Filter_2 nTy="2" nId="524297" fname="FilterWheel ListWL2" Value="-1"/>
         <FilterWheel__List_Filter_1 nTy="2" nId="524297" fname="FilterWheel ListWL1" Value="-1"/>
         <FilterWheel__Current_filter nTy="2" nId="524297" fname="FilterWheel CurrWL" Value="6"/>
         <FilterWheel_F_Fixpoint nTy="3" nId="524297" fname="FilterWheel FFix" Value="0.000000"/>
         <FilterWheel_F_Offset nTy="3" nId="524297" fname="FilterWheel FOff" Value="0.500000"/>
         <FilterWheel_F_Length nTy="3" nId="524297" fname="FilterWheel FLen" Value="1.000000"/>
         <FilterWheel_F_Resolution nTy="2" nId="524297" fname="FilterWheel FRes" Value="1"/>
         <Laser_Use_Attenuator nTy="2" nId="524298" fname="Laser UseAtt" Value="0"/>
         <Laser_Attenuator_Values nTy="5" nId="524298" fname="Laser AttValues" Value=""/>
         <Laser__Stop_wavelength nTy="2" nId="524298" fname="Laser StopWL" Value="800"/>
         <Laser__Start_wavelength nTy="2" nId="524298" fname="Laser StartWL" Value="750"/>
         <Laser__Number_of_Listitems nTy="2" nId="524298" fname="Laser NumItems" Value="0"/>
         <Laser__List_wavelength_5 nTy="2" nId="524298" fname="Laser ListWL5" Value="0"/>
         <Laser__List_wavelength_4 nTy="2" nId="524298" fname="Laser ListWL4" Value="-1"/>
         <Laser__List_wavelength_3 nTy="2" nId="524298" fname="Laser ListWL3" Value="-1"/>
         <Laser__List_wavelength_2 nTy="2" nId="524298" fname="Laser ListWL2" Value="-1"/>
         <Laser__List_wavelength_1 nTy="2" nId="524298" fname="Laser ListWL1" Value="-1"/>
         <Laser__Current_wavelength nTy="2" nId="524298" fname="Laser CurrWL" Value="800"/>
         <Laser_WL_Fixpoint nTy="3" nId="524298" fname="Laser WLFix" Value="0.000000"/>
         <Laser_WL_Offset nTy="3" nId="524298" fname="Laser WLOff" Value="775.000000"/>
         <Laser_WL_Scan_Range nTy="3" nId="524298" fname="Laser WLLen" Value="50.000000"/>
         <Laser_WL_Resolution nTy="2" nId="524298" fname="Laser WLRes" Value="6"/>
         <PMT_Split_Channels nTy="2" nId="524294" fname="PMT SplitZ" Value="1"/>
         <PMT__Z_Resolution nTy="2" nId="524294" fname="PMT ZRes" Value="3"/>
         <PMT__Z_Offset nTy="3" nId="524294" fname="PMT ZOff" Value="1.500000"/>
         <PMT__Z_Length nTy="3" nId="524294" fname="PMT ZLen" Value="3.000000"/>
         <PMT__Y_Height nTy="2" nId="524294" fname="PMT YRes" Value="512"/>
         <PMT__X_Width nTy="2" nId="524294" fname="PMT XRes" Value="512"/>
         <PMT__Y_Offset nTy="3" nId="524294" fname="PMT YOff" Value="250.000000"/>
         <PMT__Y_Length nTy="3" nId="524294" fname="PMT YLen" Value="150.000000"/>
         <PMT__X_Offset nTy="3" nId="524294" fname="PMT XOff" Value="250.000000"/>
         <PMT__X_Length nTy="3" nId="524294" fname="PMT XLen" Value="150.000000"/>
         <PMT_Use_Channel_7 nTy="2" nId="524294" fname="PMT UseChannel7" Value="0"/>
         <PMT_Photom._Gain_Ch.7 nTy="3" nId="1572870" fname="PMT Gain7" Value="0.000000"/>
         <PMT_Use_Channel_6 nTy="2" nId="524294" fname="PMT UseChannel6" Value="0"/>
         <PMT_Photom._Gain_Ch.6 nTy="3" nId="1572870" fname="PMT Gain6" Value="0.000000"/>
         <PMT_Use_Channel_5 nTy="2" nId="524294" fname="PMT UseChannel5" Value="0"/>
         <PMT_Photom._Gain_Ch.5 nTy="3" nId="1572870" fname="PMT Gain5" Value="0.000000"/>
         <PMT_Use_Channel_4 nTy="2" nId="524294" fname="PMT UseChannel4" Value="0"/>
         <PMT_Photom._Gain_Ch.4 nTy="3" nId="1572870" fname="PMT Gain4" Value="0.000000"/>
         <PMT_Use_Channel_3 nTy="2" nId="524294" fname="PMT UseChannel3" Value="0"/>
         <PMT_Photom._Gain_Ch.3 nTy="3" nId="1572870" fname="PMT Gain3" Value="0.000000"/>
         <PMT_Use_Channel_2 nTy="2" nId="524294" fname="PMT UseChannel2" Value="1"/>
         <PMT_Photom._Gain_Ch.2 nTy="3" nId="1572870" fname="PMT Gain2" Value="93.000000"/>
         <PMT_Use_Channel_1 nTy="2" nId="524294" fname="PMT UseChannel1" Value="1"/>
         <PMT_Photom._Gain_Ch.1 nTy="3" nId="1572870" fname="PMT Gain1" Value="91.000000"/>
         <PMT_Use_Channel_0 nTy="2" nId="524294" fname="PMT UseChannel0" Value="1"/>
         <PMT_Photom._Gain_Ch.0 nTy="3" nId="1572870" fname="PMT Gain0" Value="85.000000"/>
         <Imager_ROI_Bottom nTy="2" nId="524296" fname="Imager ROIBottom" Value="1040"/>
         <Imager_ROI_Top nTy="2" nId="524296" fname="Imager ROITop" Value="0"/>
         <Imager_ROI_Right nTy="2" nId="524296" fname="Imager ROIRight" Value="1376"/>
         <Imager_ROI_Left nTy="2" nId="524296" fname="Imager ROILeft" Value="0"/>
         <Imager_Average_COMMA__Summing nTy="2" nId="524296" fname="Imager AvrSum" Value="0"/>
         <Imager__Num._img._to_average nTy="2" nId="524296" fname="Imager NumImg" Value="1"/>
         <Imager__Y_Bin nTy="2" nId="524296" fname="Imager YBin" Value="1"/>
         <Imager__X_Bin nTy="2" nId="524296" fname="Imager XBin" Value="1"/>
         <Imager_Exposure_Time nTy="3" nId="1572872" fname="Imager expms" Value="50.000000"/>
         <Imager__Y_Off nTy="3" nId="524296" fname="Imager YOff" Value="-5.200000"/>
         <Imager__X_Off nTy="3" nId="524296" fname="Imager XOff" Value="-6.880000"/>
         <Imager__Y_Len nTy="3" nId="524296" fname="Imager YLen" Value="10.400000"/>
         <Imager__X_Len nTy="3" nId="524296" fname="Imager XLen" Value="13.760000"/>
         <Time_Shutter_to_close nTy="2" nId="524290" fname="Time CloseShutter" Value="1"/>
         <Time_Close_shutter_on_wait nTy="2" nId="524290" fname="Time CloseWait" Value="1"/>
         <Time_AutoSavePrefix nTy="5" nId="524290" fname="Time AutoSavePrefix" Value=""/>
         <Time_AutoSavePath nTy="5" nId="524290" fname="Time AutoSavePath" Value=""/>
         <Time_AutoSaveData nTy="2" nId="1572866" fname="Time AutoSaveData" Value="0"/>
         <Time_Fastmode nTy="2" nId="1572866" fname="Time Fastmode" Value="1"/>
         <Time_Offset nTy="3" nId="524290" fname="Time TimeOff" Value="34.662689"/>
         <Time_Length nTy="3" nId="524290" fname="Time TimeLen" Value="69.325378"/>
         <Time_Number_of_Steps nTy="2" nId="524290" fname="Time TimeRes" Value="2"/>
         <Time_Idle_Time nTy="4" nId="1572866" fname="Time Time_ms" Value="5000"/>
         <TriMScope_Is_Active nTy="2" nId="524292" fname="IsActive" Value="1"/>
         <xy-Scanner_Is_Active nTy="2" nId="524293" fname="IsActive" Value="1"/>
         <xyz-Table_Is_Active nTy="2" nId="524291" fname="IsActive" Value="1"/>
         <FilterWheel_Is_Active nTy="2" nId="524297" fname="IsActive" Value="0"/>
         <Laser_Is_Active nTy="2" nId="524298" fname="IsActive" Value="1"/>
         <PMT_Is_Active nTy="2" nId="524294" fname="IsActive" Value="1"/>
         <Imager_Is_Active nTy="2" nId="524296" fname="IsActive" Value="0"/>
         <Time_Is_Active nTy="2" nId="524290" fname="IsActive" Value="1"/>
         <ThrAxis nTy="5" nId="524289" fname="ThrAxis" Value="None"/>
      </PropArray>
   </ca:CustomAttributes>
</OME>

